Browser,BrowserVersion,OS,OSVersion,DeviceType
Other,,Other,,Other
Apache-HttpClient,4.3,Other,,Bot
Apache-HttpClient,4.3.1,Other,,Bot
Apache-HttpClient,4.3.3,Other,,Bot
Apache-HttpClient,4.5,Other,,Bot
Apache-HttpClient,4.5.12,Other,,Bot
Apache-HttpClient,4.5.12,Other,,Bot
Apache-HttpClient,4.5.13,Other,,Bot
Apache-HttpClient,4.5.13,Other,,Bot
Apache-HttpClient,4.5.13,Other,,Bot
Apache-HttpClient,4.5.13,Other,,Bot
Apache-HttpClient,4.5.13,Other,,Bot
Apache-HttpClient,4.5.2,Other,,Bot
Apache-HttpClient,4.5.2,Other,,Bot
Apache-HttpClient,4.5.2,Other,,Bot
Apache-HttpClient,4.5.2,Other,,Bot
Apache-HttpClient,4.5.2,Other,,Bot
Apache-HttpClient,4.5.3,Other,,Bot
Apache-HttpClient,4.5.5,Other,,Bot
Apache-HttpClient,4.5.5,Other,,Bot
Apache-HttpClient,4.5.5,Other,,Bot
Apache-HttpClient,4.5.5,Other,,Bot
Apache-HttpClient,4.5.5,Other,,Bot
Apache-HttpClient,4.5.5,Other,,Bot
Apache-HttpClient,4.5.5,Other,,Bot
Apache-HttpClient,4.5.6,Other,,Bot
Apache-HttpClient,4.5.6,Other,,Bot
Apache-HttpClient,4.5.6,Other,,Bot
Apache-HttpClient,4.5.7,Other,,Bot
Apache-HttpClient,4.5.7,Other,,Bot
Apache-HttpClient,4.5.9,Other,,Bot
Apache-HttpClient,5.0.3,Other,,Bot
Safari,10600.6.3,Other,,Mobile
Baiduspider-render,2.0,Other,,Spider
Chrome,,Other,,Other
curl,7.29.0,Other,,Bot
curl,7.64.1,Other,,Bot
curl,7.75.0,Other,,Bot
curl,7.81.0,Other,,Bot
curl,8.1.2,Other,,Bot
Other,,Other,,Other
Other,,Android,9.0,Mobile
Other,,Other,,Other
facebookexternalhit,1.1,Other,,Bot
Other,,Other,,Other
Go-http-client,1.1,Other,,Bot
Go-http-client,2.0,Other,,Bot
Googlebot-Image,1.0,Other,,Spider
Googlebot-Video,1.0,Other,,Spider
Googlebot,2.1,Other,,Spider
Googlebot,2.1,Other,,Spider
Other,,Other,,Other
Java,1.8.0,Other,,Bot
Java,1.8.0,Other,,Bot
Java,1.8.0,Other,,Bot
Java,1.8.0,Other,,Bot
Java,1.8.0,Other,,Bot
Java,1.8.0,Other,,Bot
Java,1.8.0,Other,,Bot
Java,1.8.0,Other,,Bot
Java,1.8.0,Other,,Bot
Java,1.8.0,Other,,Bot
Java,1.8.0,Other,,Bot
Java,17.0.10,Other,,Bot
Jigsaw,2.2.5,Other,,Bot
libwww-perl,6.77,Other,,Bot
Other,,Linux,,Desktop
Other,,Other,,Other
Other,,Other,,Other
Other,,Other,,Other
Mozilla,3.0,Other,,Bot
Mozilla,4.0,Other,,Bot
bot,,Other,,Spider
Firefox,1.5.0.3,Windows,8.1,Desktop
IE,10.0,Windows,XP,Desktop
IE,6.0,Windows,XP,Desktop
IE,6.0,Other,,Other
IE,6.0,Windows,5.0,Desktop
IE,6.0,Windows,XP,Desktop
IE,6.0,Windows,XP,Desktop
IE,6.0,Windows,XP,Desktop
IE,6.0,Windows,5.2,Desktop
IE,7.0,Other,,Other
IE,7.0,Windows,10,Desktop
IE,7.0,Windows,10,Desktop
IE,7.0,Windows,10,Desktop
IE,7.0,Windows,10,Desktop
IE,7.0,Windows,XP,Desktop
IE,7.0,Windows,XP,Desktop
IE,7.0,Windows,XP,Desktop
Sogou,1.0,Windows,XP,Desktop
Maxthon,,Windows,XP,Desktop
Sogou,1.0,Windows,XP,Desktop
IE,7.0,Windows,XP,Desktop
IE,7.0,Windows,Vista,Desktop
IE,7.0,Windows,7,Desktop
IE,7.0,Windows,7,Desktop
IE,7.0,Windows,7,Desktop
IE,7.0,Windows,7,Desktop
IE,7.0,Windows,7,Desktop
IE,7.0,Windows,7,Desktop
IE,7.0,Windows,7,Desktop
IE,7.0,Windows,7,Desktop
IE,7.0,Windows,7,Desktop
IE,7.0,Windows,7,Desktop
IE,7.0,Windows,7,Desktop
IE,7.0,Windows,7,Desktop
IE,7.0,Windows,7,Desktop
IE,7.0,Windows,7,Desktop
IE,7.0,Windows,7,Desktop
IE,7.0,Windows,7,Desktop
IE,7.0,Windows,7,Desktop
IE,7.0,Windows,7,Desktop
IE,7.0,Windows,7,Desktop
IE,7.0,Windows,7,Desktop
IE,7.0,Windows,7,Desktop
IE,7.0,Windows,7,Desktop
IE,7.0,Windows,7,Desktop
TheWorld,6,Windows,7,Desktop
IE,7.0,Windows,7,Desktop
IE,7.0,Windows,7,Desktop
IE,7.0,Windows,7,Desktop
IE,6.0,Windows,7,Desktop
IE,7.0,Windows,7,Desktop
Sogou,1.0,Windows,7,Desktop
IE,7.0,Windows,7,Desktop
IE,7.0,Windows,7,Desktop
IE,7.0,Windows,7,Desktop
IE,7.0,Windows,7,Desktop
IE,7.0,Windows,7,Desktop
IE,7.0,Windows,7,Desktop
Sogou,1.0,Windows,7,Desktop
IE,7.0,Windows,7,Desktop
IE,7.0,Windows,7,Desktop
IE,7.0,Windows,7,Desktop
IE,7.0,Windows,7,Desktop
IE,7.0,Windows,7,Desktop
IE,7.0,Windows,7,Desktop
IE,7.0,Windows,7,Desktop
IE,7.0,Windows,7,Desktop
IE,7.0,Windows,7,Desktop
TheWorld,6,Windows,7,Desktop
IE,7.0,Windows,7,Desktop
IE,7.0,Windows,7,Desktop
IE,7.0,Windows,7,Desktop
IE,7.0,Windows,7,Desktop
IE,7.0,Windows,7,Desktop
TheWorld,7,Windows,7,Desktop
IE,7.0,Windows,7,Desktop
IE,7.0,Windows,7,Desktop
Sogou,1.0,Windows,7,Desktop
IE,7.0,Windows,7,Desktop
IE,7.0,Windows,8,Desktop
IE,7.0,Windows,8,Desktop
IE,7.0,Windows,8,Desktop
IE,7.0,Windows,8,Desktop
IE,7.0,Windows,8.1,Desktop
QQBrowser,8.0.3345.400,Windows,8.1,Desktop
IE,7.0,Windows,8.1,Desktop
IE,7.0,Windows,8.1,Desktop
IE,7.0,Windows,8.1,Desktop
IE,7.0,Windows,8.1,Desktop
IE,7.0,Windows,8.1,Desktop
IE,7.0,Windows,8.1,Desktop
IE,7.0,Windows,8.1,Desktop
IE,7.0,Windows,8.1,Desktop
IE,7.0,Windows,8.1,Desktop
IE,7.0,Windows,8.1,Desktop
IE,7.0,Windows,8.1,Desktop
IE,7.0,Windows,8.1,Desktop
IE,7.0,Windows,8.1,Desktop
IE,8.0,Windows,XP,Desktop
IE,8.0,Windows,XP,Desktop
IE,8.0,Windows,XP,Desktop
Sogou,1.0,Windows,XP,Desktop
IE,8.0,Windows,XP,Desktop
IE,8.0,Windows,XP,Desktop
IE,8.0,Windows,XP,Desktop
IE,8.0,Windows,XP,Desktop
IE,8.0,Windows,XP,Desktop
IE,8.0,Windows,XP,Desktop
IE,8.0,Windows,XP,Desktop
Sogou,1.0,Windows,XP,Desktop
IE,8.0,Windows,XP,Desktop
IE,8.0,Windows,XP,Desktop
IE,8.0,Windows,XP,Desktop
IE,8.0,Windows,XP,Desktop
Sogou,1.0,Windows,XP,Desktop
IE,8.0,Windows,XP,Desktop
IE,8.0,Windows,XP,Desktop
IE,8.0,Windows,XP,Desktop
Sogou,1.0,Windows,7,Desktop
IE,8.0,Windows,7,Desktop
IE,8.0,Windows,7,Desktop
IE,8.0,Windows,7,Desktop
IE,8.0,Windows,7,Desktop
IE,8.0,Windows,7,Desktop
IE,8.0,Windows,7,Desktop
IE,8.0,Windows,7,Desktop
IE,8.0,Windows,7,Desktop
IE,8.0,Windows,7,Desktop
IE,8.0,Windows,7,Desktop
IE,8.0,Windows,7,Desktop
IE,8.0,Windows,7,Desktop
IE,8.0,Windows,7,Desktop
IE,6.0,Windows,7,Desktop
IE,8.0,Windows,7,Desktop
Sogou,1.0,Windows,7,Desktop
QQBrowser,8.2.4257.400,Windows,7,Desktop
Chrome,,Windows,7,Desktop
IE,8.0,Windows,7,Desktop
IE,8.0,Windows,7,Desktop
IE,8.0,Windows,7,Desktop
IE,8.0,Windows,7,Desktop
IE,8.0,Windows,7,Desktop
IE,8.0,Windows,7,Desktop
IE,8.0,Windows,8,Desktop
IE,8.0,Windows,8,Desktop
IE,9.0,Windows,7,Desktop
IE,9.0,Windows,7,Desktop
IE,9.0,Windows,7,Desktop
IE,9.0,Windows,7,Desktop
Other,,Other,,Other
IE,8.0,Windows,7,Desktop
IE,5.00,Other,,Other
IE,6.0,Windows,XP,Desktop
Mozilla,5.0,Other,,Bot
Firefox,4.0.1,Linux,,Desktop
AhrefsBot,7.0,Other,,Spider
AwarioBot,1.0,Other,,Spider
Baiduspider,2.0,Other,,Spider
Baiduspider,2.0,Other,,Spider
Baiduspider,2.0,Other,,Spider
bingbot,2.0,Other,,Spider
Mozilla,5.0,Other,,Bot
DotBot,1.2,Other,,Spider
Mozilla,5.0,Other,,Bot
Mozilla,5.0,Other,,Bot
Googlebot,2.1,Other,,Spider
iaskspider,1.0,Other,,Spider
Mozilla,5.0,Other,,Bot
bot,,Other,,Spider
QQBrowser,10.9,Windows,XP,Desktop
IE,10.0,Windows,7,Desktop
IE,10.0,Windows,7,Desktop
IE,10.0,Windows,7,Desktop
IE,10.0,Windows,7,Desktop
TheWorld,6,Windows,7,Desktop
QQBrowser,8.2.4257.400,Windows,7,Desktop
IE,10.0,Windows,8,Desktop
Sogou,1.0,Windows,8,Desktop
QQBrowser,7.7.31456.400,Windows,8,Desktop
IE,9.0,Windows,7,Desktop
QQBrowser,9.4.9201.400,Windows,7,Desktop
IE,9.0,Windows,7,Desktop
IE,9.0,Windows,7,Desktop
IE,9.0,Windows,7,Desktop
Other,,Other,,Other
SemrushBot,7,Other,,Spider
SeznamBot,4.0,Other,,Spider
Other,,Windows,XP,Desktop
wpbot,1.1,Other,,Spider
Other,,Other,,Other
Other,,Other,,Other
YandexBot,3.0,Other,,Spider
YodaoBot,1.0,Other,,Spider
PetalBot,,Other,,Spider
Safari,604.1,Other,,Mobile
YisouSpider,5.0,iOS,10.3,Spider
MicroMessenger,7.0.4,iOS,10.3.3,Mobile
Safari,604.1,iOS,11.0,Mobile
MicroMessenger,6.6.6,iOS,11.4.1,Mobile
Safari,604.1,iOS,12.4.8,Mobile
Safari,604.1,iOS,13.2.3,Mobile
Safari,604.1,iOS,13.2.3,Mobile
Safari,604.1,iOS,14.0,Mobile
Safari,604.1,iOS,14.4,Mobile
Safari,604.1,iOS,14.4,Mobile
Safari,604.1,iOS,14.7.1,Mobile
Safari,605.1,iOS,15.4.1,Mobile
Safari,604.1,iOS,16.0,Mobile
Safari,604,iOS,16.3,Mobile
Safari,604.1,iOS,16.6,Mobile
Safari,604.1,iOS,17.0.3,Mobile
Safari,604.1,iOS,17.4.1,Mobile
Safari,601.1,iOS,9.1,Mobile
Baiduspider-render,2.0,iOS,9.1,Spider
Baiduspider-render,2.0,iOS,9.1,Spider
Baiduspider-render,2.0,iOS,9.1,Spider
Safari,537.36,Android,10,Mobile
Safari,537.36,Android,10,Mobile
Safari,537.36,Android,10,Mobile
Safari,537.36,Android,10,Mobile
Safari,537.36,Android,10,Mobile
VivoBrowser,8.5.0.0,Android,10,Mobile
Safari,537.36,Android,11,Mobile
Safari,537.36,Android,11,Mobile
VivoBrowser,8.8.0.0,Android,11,Mobile
Safari,537.36,Android,13,Mobile
MicroMessenger,8.0.44.2502,Android,13,Mobile
MicroMessenger,8.0.44.2502,Android,13,Mobile
MicroMessenger,8.0.44.2502,Android,13,Mobile
VivoBrowser,19.2.0.1,Android,13,Mobile
Safari,537.36,Android,5.1,Mobile
Safari,537.36,Android,5.1.1,Mobile
Safari,537.36,Android,6.0,Mobile
Googlebot,2.1,Android,6.0.1,Spider
Googlebot,2.1,Android,6.0.1,Spider
Googlebot,2.1,Android,6.0.1,Spider
Googlebot,2.1,Android,6.0.1,Spider
Googlebot,2.1,Android,6.0.1,Spider
bingbot,2.0,Android,6.0.1,Spider
Safari,537.36,Android,6.0.1,Mobile
Safari,537.36,Android,6.0.1,Mobile
Safari,537.36,Android,6.0.1,Mobile
Safari,537.36,Android,7.0,Mobile
PetalBot,,Android,7.0,Spider
Opera,53.0.2569.141117,Android,7.1.1,Mobile
Edge,,Android,7.1.1,Mobile
Safari,537.36,Android,8.1.0,Mobile
Safari,537.36,Android,9,Mobile
MicroMessenger,7.0.6.1460,Android,9,Mobile
MicroMessenger,7.0.4.1420,Android,9,Mobile
Safari,537.36,Android,9,Mobile
Safari,537.36,Android,9,Mobile
Safari,537.36,Android,9,Mobile
Safari,537.36,Android,9,Mobile
Safari,537.36,Android,9,Mobile
Safari,537.36,Android,9,Mobile
Safari,537.36,Android,9,Mobile
Safari,537.36,Android,12,Mobile
MiuiBrowser,18.2.150429,Android,13,Mobile
MiuiBrowser,17.8.71116,Android,13,Mobile
Safari,537.36,Android,14,Mobile
Safari,533.1,Android,2.3.3,Mobile
Safari,534.30,Android,4.4.2,Mobile
Safari,537.36,Android,6.0,Mobile
Safari,537.36,Android,7.0,Mobile
Safari,537.36,Android,7.1.1,Mobile
Safari,537.36,Android,9,Mobile
Safari,537.36,Android,9,Mobile
Mozilla,5.0,Android,4.2.2,Bot
Baiduspider,2.0,Android,4.2.2,Spider
Amazonbot,0.1,macOS,10.10.1,Spider
Safari,601.3.9,macOS,10.11.2,Desktop
Safari,537.36,macOS,10.11.6,Desktop
Safari,601.7.7,macOS,10.11.6,Desktop
Safari,601.1.27,macOS,10.11,Desktop
Safari,537.36,macOS,10.12.1,Desktop
Safari,537.36,macOS,10.12.1,Desktop
Safari,537.36,macOS,10.13.6,Desktop
Safari,605.1.15,macOS,10.13.6,Desktop
Safari,537.36,macOS,10.14.2,Desktop
Safari,537.36,macOS,10.14.6,Desktop
Safari,537.36,macOS,10.15.2,Desktop
Safari,605.1.15,macOS,10.15.6,Desktop
Safari,537.36,macOS,10.15.7,Desktop
MicroMessenger,6.8.0,macOS,10.15.7,Desktop
Safari,537.36,macOS,10.15.7,Desktop
Safari,537.36,macOS,10.15.7,Desktop
Safari,537.36,macOS,10.15.7,Desktop
Safari,537.36,macOS,10.15.7,Desktop
Safari,537.36,macOS,10.15.7,Desktop
Safari,537.36,macOS,10.15.7,Desktop
Edge,120.0.0.0,macOS,10.15.7,Desktop
Safari,537.36,macOS,10.15.7,Desktop
Safari,537.36,macOS,10.15.7,Desktop
Safari,537.36,macOS,10.15.7,Desktop
Edge,123.0.0.0,macOS,10.15.7,Desktop
Safari,537.36,macOS,10.15.7,Desktop
Safari,537.36,macOS,10.15.7,Desktop
Safari,537.36,macOS,10.15.7,Desktop
Safari,537.36,macOS,10.15.7,Desktop
Safari,537.36,macOS,10.15.7,Desktop
Safari,605.1.15,macOS,10.15.7,Desktop
Safari,605.1.15,macOS,10.15.7,Desktop
Safari,605.1.25,macOS,10.15.7,Desktop
Safari,605.1.15,macOS,10.15.7,Desktop
Safari,605.1.15,macOS,10.15.7,Desktop
Safari,605.1.15,macOS,10.15.7,Desktop
Safari,605.1.15,macOS,10.15.7,Desktop
Safari,605.1.15,macOS,10.15.7,Desktop
Safari,605.1.15,macOS,10.15.7,Desktop
Safari,605.1.15,macOS,10.15.7,Desktop
Safari,535.11,macOS,10.7.0,Desktop
Safari,535.7,macOS,10.7.2,Desktop
Mozilla,5.0,macOS,10.9.2,Bot
Firefox,103.0,macOS,10.15,Desktop
Firefox,109.0,macOS,10.15,Desktop
Firefox,110.0,macOS,10.15,Desktop
Firefox,120.0,macOS,10.15,Desktop
Firefox,125.0,macOS,10.15,Desktop
Firefox,77.0,macOS,10.15,Desktop
Other,,macOS,10.15,Desktop
Firefox,4.0.1,macOS,10.6,Desktop
Firefox,32.0,macOS,10.9,Desktop
Safari,537.36,macOS,13.1,Desktop
Safari,537.36,macOS,8.0.1,Desktop
Safari,537.36,macOS,8.0.2,Desktop
Safari,537.36,macOS,9.0.1,Desktop
Safari,534.3,macOS,10.6.4,Desktop
Safari,312.3,Other,,Other
Safari,534.13,Other,,Mobile
IE,9.0,Windows,7,Desktop
IE,9.0,Windows,10,Desktop
Firefox,45.0,Other,,Other
Firefox,,Other,,Other
Safari,537.36,Windows,10,Desktop
Safari,537.36,Windows,10,Desktop
Safari,537.36,Windows,10,Desktop
Safari,537.36,Windows,10,Desktop
Edge,,Windows,10,Desktop
Edge,,Windows,10,Desktop
Firefox,110.0,Windows,10,Desktop
Firefox,91.0,Windows,10,Desktop
Safari,537.36,Windows,10,Desktop
Firefox,101.0,Windows,10,Desktop
Firefox,102.0,Windows,10,Desktop
Firefox,106.0,Windows,10,Desktop
Firefox,108.0,Windows,10,Desktop
Firefox,109.0,Windows,10,Desktop
Firefox,110.0,Windows,10,Desktop
Firefox,112.0,Windows,10,Desktop
Firefox,113.0,Windows,10,Desktop
Firefox,114.0,Windows,10,Desktop
Firefox,115.0,Windows,10,Desktop
Firefox,116.0,Windows,10,Desktop
Firefox,117.0,Windows,10,Desktop
Firefox,118.0,Windows,10,Desktop
Firefox,120.0,Windows,10,Desktop
Firefox,121.0,Windows,10,Desktop
Firefox,122.0,Windows,10,Desktop
Firefox,123.0,Windows,10,Desktop
Firefox,124.0,Windows,10,Desktop
Firefox,125.0,Windows,10,Desktop
Firefox,126.0,Windows,10,Desktop
Firefox,46.0,Windows,10,Desktop
Firefox,52.0,Windows,10,Desktop
Firefox,65.0,Windows,10,Desktop
Firefox,67.0,Windows,10,Desktop
Firefox,68.0,Windows,10,Desktop
Firefox,78.0,Windows,10,Desktop
Firefox,83.0,Windows,10,Desktop
Firefox,90.0,Windows,10,Desktop
Firefox,95.0,Windows,10,Desktop
Firefox,98.0,Windows,10,Desktop
Firefox,97.0,Windows,10,Desktop
Safari,537.36,Windows,10,Desktop
Safari,537.36,Windows,10,Desktop
Edge,100.0.1185.44,Windows,10,Desktop
Safari,537.36,Windows,10,Desktop
Safari,537.36,Windows,10,Desktop
Edge,100.0.1185.36,Windows,10,Desktop
Safari,537.36,Windows,10,Desktop
Safari,537.36,Windows,10,Desktop
Edge,101.0.1210.39,Windows,10,Desktop
Safari,537.36,Windows,10,Desktop
Edge,101.0.1210.47,Windows,10,Desktop
Edge,101.0.1210.53,Windows,10,Desktop
Safari,537.36,Windows,10,Desktop
Safari,537.36,Windows,10,Desktop
Safari,537.36,Windows,10,Desktop
Edge,102.0.1245.44,Windows,10,Desktop
Safari,537.36,Windows,10,Desktop
Safari,537.36,Windows,10,Desktop
Edge,102.0.1245.30,Windows,10,Desktop
Edge,102.0.1245.33,Windows,10,Desktop
Safari,537.36,Windows,10,Desktop
Safari,537.36,Windows,10,Desktop
Edge,103.0.1264.49,Windows,10,Desktop
Safari,537.36,Windows,10,Desktop
Edge,103.0.1264.71,Windows,10,Desktop
Edge,103.0.1264.77,Windows,10,Desktop
Safari,537.36,Windows,10,Desktop
Safari,537.36,Windows,10,Desktop
Edge,103.0.1264.37,Windows,10,Desktop
Safari,537.36,Windows,10,Desktop
Safari,537.36,Windows,10,Desktop
Safari,537.36,Windows,10,Desktop
Safari,537.36,Windows,10,Desktop
Edge,104.0.1293.54,Windows,10,Desktop
Safari,537.36,Windows,10,Desktop
Edge,105.0.1343.27,Windows,10,Desktop
Edge,105.0.1343.33,Windows,10,Desktop
Edge,105.0.1343.42,Windows,10,Desktop
Safari,537.36,Windows,10,Desktop
Edge,106.0.1370.37,Windows,10,Desktop
Edge,106.0.1370.47,Windows,10,Desktop
Safari,537.36,Windows,10,Desktop
Edge,107.0.1418.35,Windows,10,Desktop
Edge,107.0.1418.42,Windows,10,Desktop
Edge,107.0.1418.56,Windows,10,Desktop
MicroMessenger,7.0.20.1781,Windows,10,Desktop
Safari,537.36,Windows,10,Desktop
Edge,108.0.1462.46,Windows,10,Desktop
Edge,108.0.1462.76,Windows,10,Desktop
Opera,94.0.0.0,Windows,10,Desktop
Opera,94.0.0.0,Windows,10,Desktop
Safari,537.36,Windows,10,Desktop
Safari,537.36,Windows,10,Desktop
Edge,109.0.1518.55,Windows,10,Desktop
Edge,109.0.1518.70,Windows,10,Desktop
Edge,109.0.1518.78,Windows,10,Desktop
Opera,95.0.0.0,Windows,10,Desktop
Opera,95.0.0.0,Windows,10,Desktop
SLBrowser,9.0.0.10191,Windows,10,Desktop
SLBrowser,9.0.0.10191,Windows,10,Desktop
SLBrowser,9.0.3.1311,Windows,10,Desktop
SLBrowser,9.0.3.1311,Windows,10,Desktop
SLBrowser,9.0.3.1311,Windows,10,Desktop
SLBrowser,9.0.3.1311,Windows,10,Desktop
SLBrowser,9.0.3.1311,Windows,10,Desktop
SLBrowser,9.0.3.1311,Windows,10,Desktop
SLBrowser,9.0.3.1311,Windows,10,Desktop
SLBrowser,9.0.3.1311,Windows,10,Desktop
SLBrowser,9.0.3.1311,Windows,10,Desktop
SLBrowser,9.0.3.1311,Windows,10,Desktop
Safari,537.36,Windows,10,Desktop
Edge,110.0.1587.41,Windows,10,Desktop
Edge,110.0.1587.46,Windows,10,Desktop
Edge,110.0.1587.50,Windows,10,Desktop
Edge,110.0.1587.56,Windows,10,Desktop
Edge,110.0.1587.63,Windows,10,Desktop
Safari,537.36,Windows,10,Desktop
Edge,111.0.1661.51,Windows,10,Desktop
Edge,111.0.1661.54,Windows,10,Desktop
Edge,111.0.1661.62,Windows,10,Desktop
Safari,537.36,Windows,10,Desktop
Edge,112.0.1722.34,Windows,10,Desktop
Edge,112.0.1722.39,Windows,10,Desktop
Edge,112.0.1722.48,Windows,10,Desktop
Edge,112.0.1722.58,Windows,10,Desktop
Edge,112.0.1722.68,Windows,10,Desktop
QuarkPC,1.3.5.36,Windows,10,Desktop
Safari,537.36,Windows,10,Desktop
Edge,113.0.1774.35,Windows,10,Desktop
Edge,113.0.1774.42,Windows,10,Desktop
Edge,113.0.1774.50,Windows,10,Desktop
Edge,113.0.1774.57,Windows,10,Desktop
Safari,537.36,Windows,10,Desktop
Edge,114.0.1823.41,Windows,10,Desktop
Edge,114.0.1823.43,Windows,10,Desktop
Edge,114.0.1823.51,Windows,10,Desktop
Edge,114.0.1823.58,Windows,10,Desktop
Edge,114.0.1823.67,Windows,10,Desktop
Edge,114.0.1823.79,Windows,10,Desktop
Edge,114.0.1823.82,Windows,10,Desktop
Safari,537.36,Windows,10,Desktop
Safari,537.36,Windows,10,Desktop
Safari,537.36,Windows,10,Desktop
Safari,537.36,Windows,10,Desktop
Edge,115.0.1901.183,Windows,10,Desktop
Edge,115.0.1901.188,Windows,10,Desktop
Edge,115.0.1901.200,Windows,10,Desktop
Edge,115.0.1901.203,Windows,10,Desktop
Safari,537.36,Windows,10,Desktop
Edge,116.0.1938.54,Windows,10,Desktop
Edge,116.0.1938.69,Windows,10,Desktop
Edge,116.0.1938.81,Windows,10,Desktop
MicroMessenger,7.0.20.1781,Windows,10,Desktop
MicroMessenger,7.0.20.1781,Windows,10,Desktop
MicroMessenger,7.0.20.1781,Windows,10,Desktop
MicroMessenger,7.0.20.1781,Windows,10,Desktop
MicroMessenger,7.0.20.1781,Windows,10,Desktop
MicroMessenger,7.0.20.1781,Windows,10,Desktop
Safari,537.36,Windows,10,Desktop
Edge,117.0.2045.31,Windows,10,Desktop
Edge,117.0.2045.35,Windows,10,Desktop
Edge,117.0.2045.36,Windows,10,Desktop
Edge,117.0.2045.40,Windows,10,Desktop
Edge,117.0.2045.41,Windows,10,Desktop
Edge,117.0.2045.43,Windows,10,Desktop
Edge,117.0.2045.47,Windows,10,Desktop
Edge,117.0.2045.60,Windows,10,Desktop
Safari,537.36,Windows,10,Desktop
Edge,118.0.2088.46,Windows,10,Desktop
Edge,118.0.2088.57,Windows,10,Desktop
Edge,118.0.2088.61,Windows,10,Desktop
Edge,118.0.2088.69,Windows,10,Desktop
Edge,118.0.2088.76,Windows,10,Desktop
Safari,537.36,Windows,10,Desktop
Edge,119.0.0.0,Windows,10,Desktop
Safari,537.36,Windows,10,Desktop
Safari,537.36,Windows,10,Desktop
Safari,537.36,Windows,10,Desktop
Safari,537.36,Windows,10,Desktop
Edge,120.0.0.0,Windows,10,Desktop
Safari,537.36,Windows,10,Desktop
Safari,537.36,Windows,10,Desktop
Safari,537.36,Windows,10,Desktop
Safari,537.36,Windows,10,Desktop
Edge,121.0.0.0,Windows,10,Desktop
Safari,537.3,Windows,10,Desktop
Safari,537.36,Windows,10,Desktop
Safari,537.36,Windows,10,Desktop
Safari,537.36,Windows,10,Desktop
Safari,537.36,Windows,10,Desktop
Edge,122.0.0.0,Windows,10,Desktop
Safari,537.36,Windows,10,Desktop
Safari,537.36,Windows,10,Desktop
Edge,123.0.0.0,Windows,10,Desktop
Safari,537.3,Windows,10,Desktop
Safari,537.36,Windows,10,Desktop
Edge,124.0.0.0,Windows,10,Desktop
Safari,537.36,Windows,10,Desktop
Edge,125.0.0.0,Windows,10,Desktop
Edge,125.0.0.0,Windows,10,Desktop
Safari,537.36,Windows,10,Desktop
Edge,126.0.0.0,Windows,10,Desktop
Sogou,1.0,Windows,10,Desktop
Edge,,Windows,10,Desktop
Safari,537.36,Windows,10,Desktop
Safari,537.36,Windows,10,Desktop
QQBrowser,9.4.7658.400,Windows,10,Desktop
Safari,537.36,Windows,10,Desktop
Safari,537.36,Windows,10,Desktop
TheWorld,7,Windows,10,Desktop
Edge,,Windows,10,Desktop
Safari,537.36,Windows,10,Desktop
Opera,37.0.2178.32,Windows,10,Desktop
Edge,,Windows,10,Desktop
Safari,537.36,Windows,10,Desktop
Safari,537.36,Windows,10,Desktop
Edge,,Windows,10,Desktop
Safari,537.36,Windows,10,Desktop
Safari,537.3,Windows,10,Desktop
Safari,537.36,Windows,10,Desktop
Edge,,Windows,10,Desktop
Safari,537.36,Windows,10,Desktop
Edge,,Windows,10,Desktop
Safari,537.36,Windows,10,Desktop
Safari,537.36,Windows,10,Desktop
Safari,537.36,Windows,10,Desktop
Opera,63.0.3368.43,Windows,10,Desktop
Safari,537.36,Windows,10,Desktop
Edge,,Windows,10,Desktop
Safari,537.36,Windows,10,Desktop
Safari,537.36,Windows,10,Desktop
Safari,537.36,Windows,10,Desktop
Opera,63.0.3368.43,Windows,10,Desktop
Safari,537.36,Windows,10,Desktop
Edge,,Windows,10,Desktop
Safari,537.36,Windows,10,Desktop
Safari,537.36,Windows,10,Desktop
Safari,537.36,Windows,10,Desktop
Edge,,Windows,10,Desktop
Edge,,Windows,10,Desktop
Edge,,Windows,10,Desktop
Safari,537.36,Windows,10,Desktop
Safari,537.36,Windows,10,Desktop
Safari,537.36,Windows,10,Desktop
Safari,537.36,Windows,10,Desktop
Safari,537.36,Windows,10,Desktop
Safari,537.36,Windows,10,Desktop
Safari,537.36,Windows,10,Desktop
Safari,537.36,Windows,10,Desktop
Safari,537.36,Windows,10,Desktop
Safari,537.36,Windows,10,Desktop
Safari,537.36,Windows,10,Desktop
Safari,537.36,Windows,10,Desktop
Edge,,Windows,10,Desktop
Safari,537.36,Windows,10,Desktop
Safari,537.36,Windows,10,Desktop
Safari,537.36,Windows,10,Desktop
Safari,537.36,Windows,10,Desktop
Safari,537.36,Windows,10,Desktop
Safari,537.36,Windows,10,Desktop
Edge,80.0.361.61,Windows,10,Desktop
Safari,537.36,Windows,10,Desktop
Safari,537.36,Windows,10,Desktop
Safari,537.36,Windows,10,Desktop
Safari,537.36,Windows,10,Desktop
Safari,537.36,Windows,10,Desktop
Safari,537.36,Windows,10,Desktop
Safari,537.36,Windows,10,Desktop
Safari,537.36,Windows,10,Desktop
Safari,537.36,Windows,10,Desktop
Safari,537.36,Windows,10,Desktop
Edge,84.0.522.52,Windows,10,Desktop
Safari,537.36,Windows,10,Desktop
Safari,537.36,Windows,10,Desktop
Edge,84.0.522.75,Windows,10,Desktop
Safari,537.36,Windows,10,Desktop
Safari,537.36,Windows,10,Desktop
Safari,537.36,Windows,10,Desktop
Edge,85.0.564.67,Windows,10,Desktop
Safari,537.36,Windows,10,Desktop
Safari,537.36,Windows,10,Desktop
Safari,537.36,Windows,10,Desktop
Safari,537.36,Windows,10,Desktop
Safari,537.36,Windows,10,Desktop
Safari,537.36,Windows,10,Desktop
Edge,86.0.622.38,Windows,10,Desktop
Safari,537.36,Windows,10,Desktop
Safari,537.36,Windows,10,Desktop
Safari,537.36,Windows,10,Desktop
Safari,537.36,Windows,10,Desktop
Safari,537.36,Windows,10,Desktop
Safari,537.36,Windows,10,Desktop
Safari,537.36,Windows,10,Desktop
Safari,537.36,Windows,10,Desktop
Safari,537.36,Windows,10,Desktop
Safari,537.36,Windows,10,Desktop
Edge,88.0.705.56,Windows,10,Desktop
Safari,537.36,Windows,10,Desktop
Edge,89.0.774.68,Windows,10,Desktop
Safari,537.36,Windows,10,Desktop
Safari,537.36,Windows,10,Desktop
Safari,537.36,Windows,10,Desktop
Safari,537.36,Windows,10,Desktop
Edge,90.0.818.66,Windows,10,Desktop
Safari,537.36,Windows,10,Desktop
Edge,90.0.818.46,Windows,10,Desktop
Edge,90.0.818.49,Windows,10,Desktop
Safari,537.36,Windows,10,Desktop
Edge,90.0.818.51,Windows,10,Desktop
Safari,537.36,Windows,10,Desktop
Edge,91.0.864.48,Windows,10,Desktop
Safari,537.36,Windows,10,Desktop
Safari,537.36,Windows,10,Desktop
Edge,91.0.864.54,Windows,10,Desktop
Edge,91.0.864.59,Windows,10,Desktop
Safari,537.36,Windows,10,Desktop
Safari,537.36,Windows,10,Desktop
Edge,91.0.864.41,Windows,10,Desktop
Edge,,Windows,10,Desktop
Safari,537.36,Windows,10,Desktop
Safari,537.36,Windows,10,Desktop
Edge,92.0.902.67,Windows,10,Desktop
Safari,537.36,Windows,10,Desktop
Safari,537.36,Windows,10,Desktop
Safari,537.36,Windows,10,Desktop
Safari,537.36,Windows,10,Desktop
Edge,93.0.961.38,Windows,10,Desktop
Opera,79.0.4143.22,Windows,10,Desktop
Safari,537.36,Windows,10,Desktop
Safari,537.36,Windows,10,Desktop
Safari,537.36,Windows,10,Desktop
Safari,537.36,Windows,10,Desktop
Safari,537.36,Windows,10,Desktop
Safari,537.36,Windows,10,Desktop
Safari,537.36,Windows,10,Desktop
QQBrowser,12.3.5575.400,Windows,10,Desktop
QQBrowser,12.4.5605.400,Windows,10,Desktop
QQBrowser,12.4.5623.400,Windows,10,Desktop
QQBrowser,12.5.5645.400,Windows,10,Desktop
Safari,537.36,Windows,10,Desktop
Safari,537.36,Windows,10,Desktop
Safari,537.36,Windows,10,Desktop
Edge,95.0.1020.30,Windows,10,Desktop
Safari,537.36,Windows,10,Desktop
Edge,95.0.1020.53,Windows,10,Desktop
Safari,537.36,Windows,10,Desktop
Edge,96.0.1054.57,Windows,10,Desktop
Edge,96.0.1054.62,Windows,10,Desktop
Safari,537.36,Windows,10,Desktop
Edge,96.0.1054.29,Windows,10,Desktop
Safari,537.36,Windows,10,Desktop
Safari,537.36,Windows,10,Desktop
Safari,537.36,Windows,10,Desktop
Edge,97.0.1072.69,Windows,10,Desktop
Safari,537.36,Windows,10,Desktop
Safari,537.36,Windows,10,Desktop
Edge,98.0.1108.50,Windows,10,Desktop
Safari,537.36,Windows,10,Desktop
Safari,537.36,Windows,10,Desktop
Edge,99.0.1150.36,Windows,10,Desktop
Safari,537.36,Windows,10,Desktop
Edge,99.0.1150.46,Windows,10,Desktop
Edge,99.0.1150.55,Windows,10,Desktop
Safari,537.36,Windows,10,Desktop
Safari,537.36,Windows,10,Desktop
HBPC,12.1.3.306,Windows,10,Desktop
Safari,537.36,Windows,10,Desktop
Safari,537.36,Windows,10,Desktop
Safari,537.36,Windows,10,Desktop
Safari,537.36,Windows,10,Desktop
Safari,537.36,Windows,10,Desktop
Safari,605.1.15,Windows,10,Desktop
Firefox,47.0,Windows,10,Desktop
Firefox,48.0,Windows,10,Desktop
Other,,Windows,10,Desktop
Other,,Windows,10,Desktop
Other,,Windows,10,Desktop
QQBrowser,9.4.8036.400,Windows,10,Desktop
QQBrowser,9.4.8186.400,Windows,10,Desktop
QQBrowser,9.4.9149.400,Windows,10,Desktop
Safari,537.36,Windows,10,Desktop
Safari,537.36,Windows,10,Desktop
Safari,537.36,Windows,10,Desktop
Safari,537.36,Windows,10,Desktop
Safari,537.36,Windows,10,Desktop
Safari,537.36,Windows,10,Desktop
Safari,537.36,Windows,10,Desktop
Qaxbrowser,,Windows,10,Desktop
Safari,537.36,Windows,10,Desktop
Safari,537.36,Windows,10,Desktop
Safari,537.36,Windows,10,Desktop
Safari,537.36,Windows,10,Desktop
Safari,537.36,Windows,10,Desktop
Safari,537.36,Windows,10,Desktop
Safari,537.36,Windows,10,Desktop
Safari,537.36,Windows,10,Desktop
Safari,537.36,Windows,10,Desktop
QIHU 360ENT,,Windows,10,Desktop
Safari,537.36,Windows,10,Desktop
Safari,537.36,Windows,10,Desktop
Safari,537.36,Windows,10,Desktop
Safari,537.36,Windows,10,Desktop
Safari,537.36,Windows,10,Desktop
Safari,537.36,Windows,10,Desktop
Safari,537.36,Windows,10,Desktop
Safari,537.36,Windows,10,Desktop
Safari,537.36,Windows,10,Desktop
Safari,537.36,Windows,10,Desktop
Safari,537.36,Windows,10,Desktop
Safari,537.36,Windows,10,Desktop
Safari,537.36,Windows,10,Desktop
Safari,537.36,Windows,10,Desktop
Safari,537.36,Windows,10,Desktop
Safari,537.36,Windows,10,Desktop
Safari,537.36,Windows,10,Desktop
Safari,537.36,Windows,10,Desktop
Sogou,1.0,Windows,10,Desktop
Safari,537.36,Windows,10,Desktop
Safari,537.36,Windows,10,Desktop
Safari,537.36,Windows,10,Desktop
Safari,537.36,Windows,10,Desktop
Safari,537.36,Windows,10,Desktop
Sogou,1.0,Windows,10,Desktop
Safari,537.36,Windows,10,Desktop
Safari,537.36,Windows,10,Desktop
Safari,537.36,Windows,10,Desktop
Safari,537.36,Windows,10,Desktop
Safari,537.36,Windows,10,Desktop
Safari,537.36,Windows,10,Desktop
Safari,537.36,Windows,10,Desktop
Sogou,1.0,Windows,10,Desktop
Safari,537.36,Windows,10,Desktop
QQBrowser,10.5.3739.400,Windows,10,Desktop
Safari,537.36,Windows,10,Desktop
Safari,537.36,Windows,10,Desktop
Safari,537.36,Windows,10,Desktop
Maxthon,5.3.8.2000,Windows,10,Desktop
Safari,537.36,Windows,10,Desktop
Safari,537.36,Windows,10,Desktop
Safari,537.36,Windows,10,Desktop
Safari,537.36,Windows,10,Desktop
QQBrowser,10.5.3738.400,Windows,10,Desktop
QQBrowser,10.5.3863.400,Windows,10,Desktop
QQBrowser,10.8.4492.400,Windows,10,Desktop
Safari,537.36,Windows,10,Desktop
Safari,537.36,Windows,10,Desktop
Safari,537.36,Windows,10,Desktop
Sogou,1.0,Windows,10,Desktop
Safari,537.36,Windows,10,Desktop
QQBrowser,10.5.3739.400,Windows,10,Desktop
Safari,537.36,Windows,10,Desktop
Safari,537.36,Windows,10,Desktop
Safari,537.36,Windows,10,Desktop
Safari,537.36,Windows,10,Desktop
Safari,537.36,Windows,10,Desktop
Safari,537.36,Windows,10,Desktop
Safari,537.36,Windows,10,Desktop
Safari,537.36,Windows,10,Desktop
Safari,537.36,Windows,10,Desktop
Safari,537.36,Windows,10,Desktop
Safari,537.36,Windows,10,Desktop
Safari,537.36,Windows,10,Desktop
QQBrowser,10.5.3739.400,Windows,10,Desktop
Safari,537.36,Windows,10,Desktop
Safari,537.36,Windows,10,Desktop
Safari,537.36,Windows,10,Desktop
Safari,537.36,Windows,10,Desktop
Safari,537.36,Windows,10,Desktop
Sogou,1.0,Windows,10,Desktop
Safari,537.36,Windows,10,Desktop
Safari,537.36,Windows,10,Desktop
QQBrowser,10.5.3739.400,Windows,10,Desktop
Safari,537.36,Windows,10,Desktop
Safari,537.36,Windows,10,Desktop
Safari,537.36,Windows,10,Desktop
SLBrowser,7.0.0.10251,Windows,10,Desktop
Safari,537.36,Windows,10,Desktop
Safari,537.36,Windows,10,Desktop
Safari,537.36,Windows,10,Desktop
Sogou,1.0,Windows,10,Desktop
Safari,537.36,Windows,10,Desktop
Safari,537.36,Windows,10,Desktop
Chrome,,Windows,10,Desktop
QIHU 360ENT,,Windows,10,Desktop
Safari,537.36,Windows,10,Desktop
Safari,537.36,Windows,10,Desktop
Sogou,1.0,Windows,10,Desktop
Safari,537.36,Windows,10,Desktop
Safari,537.36,Windows,10,Desktop
Safari,537.36,Windows,10,Desktop
Safari,537.36,Windows,10,Desktop
Safari,537.36,Windows,10,Desktop
Safari,537.36,Windows,10,Desktop
Safari,537.36,Windows,10,Desktop
Safari,537.36,Windows,10,Desktop
Safari,537.36,Windows,10,Desktop
Safari,537.36,Windows,10,Desktop
Safari,537.36,Windows,10,Desktop
Safari,537.36,Windows,10,Desktop
Safari,537.36,Windows,10,Desktop
Safari,537.36,Windows,10,Desktop
Safari,537.36,Windows,10,Desktop
QQBrowser,11.3.5195.400,Windows,10,Desktop
QQBrowser,11.9.5355.400,Windows,10,Desktop
QQBrowser,12.0.5442.400,Windows,10,Desktop
QQBrowser,12.1.5494.400,Windows,10,Desktop
QQBrowser,12.2.5532.400,Windows,10,Desktop
QQBrowser,12.2.5544.400,Windows,10,Desktop
QQBrowser,12.3.5574.400,Windows,10,Desktop
QQBrowser,12.4.5604.400,Windows,10,Desktop
QQBrowser,12.4.5622.400,Windows,10,Desktop
Sogou,1.0,Windows,10,Desktop
Safari,537.36,Windows,10,Desktop
Safari,537.36,Windows,10,Desktop
Safari,537.36,Windows,10,Desktop
Safari,537.36,Windows,10,Desktop
Safari,537.36,Windows,10,Desktop
Safari,537.36,Windows,10,Desktop
Safari,537.36,Windows,10,Desktop
Safari,537.36,Windows,10,Desktop
Safari,537.36,Windows,10,Desktop
QQBrowser,9.2.5583.400,Windows,10,Desktop
Opera,40.0.2308.81,Windows,10,Desktop
Safari,537.36,Windows,10,Desktop
Safari,537.36,Windows,10,Desktop
Edge,108.0.1462.42,Windows,10,Desktop
Safari,537.36,Windows,10,Desktop
Safari,537.36,Windows,10,Desktop
JiSu,118.0.1.2,Windows,10,Desktop
JiSu,118.0.2.3,Windows,10,Desktop
Sogou,1.0,Windows,10,Desktop
Safari,537.36,Windows,10,Desktop
Safari,537.36,Windows,10,Desktop
Safari,537.36,Windows,10,Desktop
HBPC,12.0.1.300,Windows,10,Desktop
Safari,537.36,Windows,10,Desktop
Safari,537.36,Windows,XP,Desktop
Firefox,52.0,Windows,XP,Desktop
Safari,537.36,Windows,XP,Desktop
Safari,536.11,Windows,XP,Desktop
Safari,537.36,Windows,XP,Desktop
Safari,537.36,Windows,XP,Desktop
Safari,537.36,Windows,XP,Desktop
Safari,537.36,Windows,XP,Desktop
Safari,537.36,Windows,XP,Desktop
Safari,537.36,Windows,XP,Desktop
Safari,537.36,Windows,XP,Desktop
Safari,537.36,Windows,XP,Desktop
Safari,537.36,Windows,XP,Desktop
Safari,537.36,Windows,XP,Desktop
Sogou,1.0,Windows,XP,Desktop
Safari,537.36,Windows,XP,Desktop
Sogou,1.0,Windows,XP,Desktop
Safari,537.36,Windows,XP,Desktop
Sogou,1.0,Windows,XP,Desktop
Safari,537.36,Windows,XP,Desktop
Sogou,1.0,Windows,XP,Desktop
Safari,537.36,Windows,XP,Desktop
Safari,537.36,Windows,XP,Desktop
Sogou,1.0,Windows,XP,Desktop
Safari,537.36,Windows,XP,Desktop
Safari,538.1,Windows,XP,Desktop
QQBrowser,9.4.9149.400,Windows,5.2,Desktop
Safari,537.36,Windows,Vista,Desktop
Safari,537.36,Windows,Vista,Desktop
Safari,537.36,Windows,7,Desktop
Safari,537.36,Windows,7,Desktop
Safari,537.36,Windows,7,Desktop
Safari,537.36,Windows,7,Desktop
Safari,537.36,Windows,7,Desktop
Safari,537.36,Windows,7,Desktop
Safari,537.36,Windows,7,Desktop
Firefox,4.0.1,Windows,7,Desktop
Firefox,102.0,Windows,7,Desktop
Firefox,108.0,Windows,7,Desktop
Firefox,115.0,Windows,7,Desktop
Firefox,51.0,Windows,7,Desktop
Firefox,61.0,Windows,7,Desktop
Firefox,73.0,Windows,7,Desktop
Other,,Windows,7,Desktop
Other,,Windows,7,Desktop
Other,,Windows,7,Desktop
Firefox,101.0,Windows,7,Desktop
Firefox,102.0,Windows,7,Desktop
Firefox,107.0,Windows,7,Desktop
Firefox,109.0,Windows,7,Desktop
Firefox,110.0,Windows,7,Desktop
Firefox,112.0,Windows,7,Desktop
Firefox,114.0,Windows,7,Desktop
Firefox,115.0,Windows,7,Desktop
Firefox,62.0,Windows,7,Desktop
Firefox,69.0,Windows,7,Desktop
Firefox,72.0,Windows,7,Desktop
Firefox,75.0,Windows,7,Desktop
Firefox,78.0,Windows,7,Desktop
Firefox,93.0,Windows,7,Desktop
Safari,537.36,Windows,7,Desktop
Safari,537.36,Windows,7,Desktop
Safari,537.36,Windows,7,Desktop
Safari,537.36,Windows,7,Desktop
Safari,537.36,Windows,7,Desktop
Safari,537.36,Windows,7,Desktop
Safari,537.36,Windows,7,Desktop
Safari,537.36,Windows,7,Desktop
Safari,537.36,Windows,7,Desktop
Safari,537.36,Windows,7,Desktop
Safari,537.36,Windows,7,Desktop
Safari,537.36,Windows,7,Desktop
Safari,537.36,Windows,7,Desktop
Safari,537.36,Windows,7,Desktop
Safari,537.36,Windows,7,Desktop
Safari,537.36,Windows,7,Desktop
Edge,103.0.1264.77,Windows,7,Desktop
Safari,537.36,Windows,7,Desktop
Safari,537.36,Windows,7,Desktop
Safari,537.36,Windows,7,Desktop
Safari,537.36,Windows,7,Desktop
Safari,537.36,Windows,7,Desktop
Safari,537.36,Windows,7,Desktop
Safari,537.36,Windows,7,Desktop
Safari,537.36,Windows,7,Desktop
Safari,537.36,Windows,7,Desktop
Edge,106.0.1370.47,Windows,7,Desktop
Safari,537.36,Windows,7,Desktop
Safari,537.36,Windows,7,Desktop
Edge,107.0.1418.24,Windows,7,Desktop
Safari,537.36,Windows,7,Desktop
Safari,537.36,Windows,7,Desktop
Edge,109.0.1518.100,Windows,7,Desktop
Edge,109.0.1518.115,Windows,7,Desktop
Edge,109.0.1518.140,Windows,7,Desktop
Edge,109.0.1518.70,Windows,7,Desktop
Edge,109.0.1518.95,Windows,7,Desktop
Safari,537.36,Windows,7,Desktop
Safari,537.36,Windows,7,Desktop
Safari,537.36,Windows,7,Desktop
Safari,537.36,Windows,7,Desktop
Safari,537.36,Windows,7,Desktop
Safari,537.36,Windows,7,Desktop
Safari,537.36,Windows,7,Desktop
Safari,537.36,Windows,7,Desktop
Safari,537.36,Windows,7,Desktop
Safari,537.36,Windows,7,Desktop
Safari,537.36,Windows,7,Desktop
Safari,537.36,Windows,7,Desktop
Safari,537.36,Windows,7,Desktop
Safari,537.36,Windows,7,Desktop
Safari,537.36,Windows,7,Desktop
Safari,537.36,Windows,7,Desktop
Safari,537.36,Windows,7,Desktop
Safari,537.36,Windows,7,Desktop
Safari,537.36,Windows,7,Desktop
Safari,537.36,Windows,7,Desktop
Safari,537.36,Windows,7,Desktop
Safari,537.36,Windows,7,Desktop
YisouSpider,5.0,Windows,7,Spider
Safari,537.36,Windows,7,Desktop
Safari,537.36,Windows,7,Desktop
Safari,537.36,Windows,7,Desktop
Safari,537.36,Windows,7,Desktop
Safari,537.36,Windows,7,Desktop
Safari,537.36,Windows,7,Desktop
Safari,537.36,Windows,7,Desktop
Safari,537.36,Windows,7,Desktop
Safari,537.36,Windows,7,Desktop
Safari,537.36,Windows,7,Desktop
Safari,537.36,Windows,7,Desktop
Safari,537.36,Windows,7,Desktop
Safari,537.36,Windows,7,Desktop
Safari,537.36,Windows,7,Desktop
Safari,537.36,Windows,7,Desktop
Safari,537.36,Windows,7,Desktop
Safari,537.36,Windows,7,Desktop
Safari,537.36,Windows,7,Desktop
Safari,537.36,Windows,7,Desktop
Safari,537.36,Windows,7,Desktop
Safari,537.36,Windows,7,Desktop
Safari,537.36,Windows,7,Desktop
Safari,537.36,Windows,7,Desktop
Safari,537.36,Windows,7,Desktop
Safari,537.36,Windows,7,Desktop
Safari,537.36,Windows,7,Desktop
Safari,537.36,Windows,7,Desktop
Safari,537.36,Windows,7,Desktop
Safari,537.36,Windows,7,Desktop
Safari,537.36,Windows,7,Desktop
Safari,537.36,Windows,7,Desktop
Safari,537.36,Windows,7,Desktop
Safari,537.36,Windows,7,Desktop
Safari,537.36,Windows,7,Desktop
Safari,537.36,Windows,7,Desktop
Safari,537.36,Windows,7,Desktop
Safari,537.36,Windows,7,Desktop
Safari,537.36,Windows,7,Desktop
Safari,537.36,Windows,7,Desktop
Safari,537.36,Windows,7,Desktop
Safari,537.36,Windows,7,Desktop
Safari,537.36,Windows,7,Desktop
Safari,537.36,Windows,7,Desktop
Safari,537.36,Windows,7,Desktop
Safari,537.36,Windows,7,Desktop
Safari,537.36,Windows,7,Desktop
Safari,537.36,Windows,7,Desktop
Safari,537.36,Windows,7,Desktop
Safari,537.36,Windows,7,Desktop
Safari,537.36,Windows,7,Desktop
Safari,537.36,Windows,7,Desktop
Safari,537.36,Windows,7,Desktop
Safari,537.36,Windows,7,Desktop
Safari,537.36,Windows,7,Desktop
Safari,537.36,Windows,7,Desktop
Safari,537.36,Windows,7,Desktop
Safari,537.36,Windows,7,Desktop
Safari,537.36,Windows,7,Desktop
Edge,87.0.664.75,Windows,7,Desktop
Safari,537.36,Windows,7,Desktop
Safari,537.36,Windows,7,Desktop
Edge,87.0.664.60,Windows,7,Desktop
Safari,537.36,Windows,7,Desktop
Safari,537.36,Windows,7,Desktop
Safari,537.36,Windows,7,Desktop
Safari,537.36,Windows,7,Desktop
Safari,537.36,Windows,7,Desktop
Safari,537.36,Windows,7,Desktop
Safari,537.36,Windows,7,Desktop
Safari,537.36,Windows,7,Desktop
Safari,537.36,Windows,7,Desktop
Safari,537.36,Windows,7,Desktop
Safari,537.36,Windows,7,Desktop
Safari,537.36,Windows,7,Desktop
Safari,537.36,Windows,7,Desktop
Safari,537.36,Windows,7,Desktop
Safari,537.36,Windows,7,Desktop
Safari,537.36,Windows,7,Desktop
Edge,91.0.864.54,Windows,7,Desktop
Safari,537.36,Windows,7,Desktop
Safari,537.36,Windows,7,Desktop
Safari,537.36,Windows,7,Desktop
Safari,537.36,Windows,7,Desktop
Safari,537.36,Windows,7,Desktop
Safari,537.36,Windows,7,Desktop
Safari,537.36,Windows,7,Desktop
Safari,537.36,Windows,7,Desktop
Safari,537.36,Windows,7,Desktop
Safari,537.36,Windows,7,Desktop
Safari,537.36,Windows,7,Desktop
Safari,537.36,Windows,7,Desktop
Safari,537.36,Windows,7,Desktop
Safari,537.36,Windows,7,Desktop
QQBrowser,12.4.5605.400,Windows,7,Desktop
QQBrowser,12.4.5623.400,Windows,7,Desktop
Safari,537.36,Windows,7,Desktop
Safari,537.36,Windows,7,Desktop
Safari,537.36,Windows,7,Desktop
Safari,537.36,Windows,7,Desktop
Safari,537.36,Windows,7,Desktop
Safari,537.36,Windows,7,Desktop
Safari,537.36,Windows,7,Desktop
Safari,537.36,Windows,7,Desktop
Safari,537.36,Windows,7,Desktop
Safari,537.36,Windows,7,Desktop
Safari,537.36,Windows,7,Desktop
Safari,537.36,Windows,7,Desktop
Safari,537.36,Windows,7,Desktop
Safari,537.36,Windows,7,Desktop
Safari,537.36,Windows,7,Desktop
Safari,537.36,Windows,7,Desktop
Edge,99.0.1150.39,Windows,7,Desktop
Safari,537.36,Windows,7,Desktop
Safari,537.36,Windows,7,Desktop
Safari,537.36,Windows,7,Desktop
Safari,537.36,Windows,7,Desktop
Safari,537.36,Windows,7,Desktop
Safari,537.36,Windows,7,Desktop
Firefox,50.0,Windows,7,Desktop
Firefox,55.0,Windows,7,Desktop
Firefox,53.0,Windows,7,Desktop
Firefox,53.0,Windows,7,Desktop
Firefox,54.0,Windows,7,Desktop
Firefox,56.0,Windows,7,Desktop
Firefox,8.0,Windows,7,Desktop
Other,,Windows,7,Desktop
Other,,Windows,7,Desktop
Other,,Windows,7,Desktop
Other,,Windows,7,Desktop
Safari,537.36,Windows,7,Desktop
QQBrowser,9.0.3100.400,Windows,7,Desktop
Safari,537.36,Windows,7,Desktop
Safari,537.36,Windows,7,Desktop
QQBrowser,9.4.7961.400,Windows,7,Desktop
QQBrowser,9.4.8309.400,Windows,7,Desktop
QQBrowser,9.4.9017.400,Windows,7,Desktop
QQBrowser,9.3.6873.400,Windows,7,Desktop
Safari,537.36,Windows,7,Desktop
Safari,537.36,Windows,7,Desktop
Safari,537.36,Windows,7,Desktop
Safari,537.36,Windows,7,Desktop
Safari,537.36,Windows,7,Desktop
Safari,537.36,Windows,7,Desktop
Safari,537.36,Windows,7,Desktop
Safari,537.36,Windows,7,Desktop
Safari,537.36,Windows,7,Desktop
Qaxbrowser,,Windows,7,Desktop
Safari,537.36,Windows,7,Desktop
Safari,537.36,Windows,7,Desktop
Safari,537.36,Windows,7,Desktop
Safari,537.36,Windows,7,Desktop
Safari,537.36,Windows,7,Desktop
Safari,537.36,Windows,7,Desktop
Safari,537.36,Windows,7,Desktop
Safari,537.36,Windows,7,Desktop
Safari,537.36,Windows,7,Desktop
Safari,537.36,Windows,7,Desktop
Safari,537.36,Windows,7,Desktop
QIHU 360ENT,,Windows,7,Desktop
Safari,537.36,Windows,7,Desktop
Safari,537.36,Windows,7,Desktop
Safari,537.36,Windows,7,Desktop
Safari,537.36,Windows,7,Desktop
Safari,537.36,Windows,7,Desktop
Sogou,1.0,Windows,7,Desktop
Sogou,1.0,Windows,7,Desktop
Sogou,1.0,Windows,7,Desktop
Safari,537.36,Windows,7,Desktop
Safari,537.36,Windows,7,Desktop
Spider,,Windows,7,Spider
Safari,537.36,Windows,7,Desktop
Safari,537.36,Windows,7,Desktop
Safari,537.36,Windows,7,Desktop
Safari,537.36,Windows,7,Desktop
QQBrowser,9.5.10771.400,Windows,7,Desktop
QQBrowser,9.6.10990.400,Windows,7,Desktop
Safari,537.36,Windows,7,Desktop
Safari,537.36,Windows,7,Desktop
Safari,537.36,Windows,7,Desktop
Safari,537.36,Windows,7,Desktop
Safari,537.36,Windows,7,Desktop
Safari,537.36,Windows,7,Desktop
Safari,537.36,Windows,7,Desktop
Safari,537.36,Windows,7,Desktop
Safari,537.36,Windows,7,Desktop
Sogou,1.0,Windows,7,Desktop
Safari,537.36,Windows,7,Desktop
Safari,537.36,Windows,7,Desktop
Safari,537.36,Windows,7,Desktop
Safari,537.36,Windows,7,Desktop
Safari,537.36,Windows,7,Desktop
Safari,537.36,Windows,7,Desktop
Safari,537.36,Windows,7,Desktop
Safari,537.36,Windows,7,Desktop
Safari,537.36,Windows,7,Desktop
Maxthon,5.2.7.5000,Windows,7,Desktop
Safari,537.36,Windows,7,Desktop
Safari,537.36,Windows,7,Desktop
Safari,537.36,Windows,7,Desktop
115Browser,9.2.1,Windows,7,Desktop
Safari,537.36,Windows,7,Desktop
Safari,537.36,Windows,7,Desktop
Safari,537.36,Windows,7,Desktop
Sogou,1.0,Windows,7,Desktop
Safari,537.36,Windows,7,Desktop
Safari,537.36,Windows,7,Desktop
Safari,537.36,Windows,7,Desktop
Safari,537.36,Windows,7,Desktop
Safari,537.36,Windows,7,Desktop
Safari,537.36,Windows,7,Desktop
Safari,537.36,Windows,7,Desktop
Safari,537.36,Windows,7,Desktop
Safari,537.36,Windows,7,Desktop
Safari,537.36,Windows,7,Desktop
Safari,537.36,Windows,7,Desktop
Safari,537.36,Windows,7,Desktop
Safari,537.36,Windows,7,Desktop
Safari,537.36,Windows,7,Desktop
Safari,537.36,Windows,7,Desktop
QQBrowser,10.5.3868.400,Windows,7,Desktop
QQBrowser,10.8.4405.400,Windows,7,Desktop
Safari,537.36,Windows,7,Desktop
Safari,537.36,Windows,7,Desktop
Safari,537.36,Windows,7,Desktop
Safari,537.36,Windows,7,Desktop
Safari,537.36,Windows,7,Desktop
Safari,537.36,Windows,7,Desktop
Sogou,1.0,Windows,7,Desktop
Safari,537.36,Windows,7,Desktop
Safari,537.36,Windows,7,Desktop
Safari,537.36,Windows,7,Desktop
Safari,537.36,Windows,7,Desktop
Safari,537.36,Windows,7,Desktop
Safari,537.36,Windows,7,Desktop
Safari,537.36,Windows,7,Desktop
Safari,537.36,Windows,7,Desktop
Safari,537.36,Windows,7,Desktop
Safari,537.36,Windows,7,Desktop
Safari,537.36,Windows,7,Desktop
Safari,537.36,Windows,7,Desktop
Safari,537.36,Windows,7,Desktop
Safari,537.36,Windows,7,Desktop
Safari,537.36,Windows,7,Desktop
Safari,537.36,Windows,7,Desktop
Safari,537.36,Windows,7,Desktop
Safari,537.36,Windows,7,Desktop
Sogou,1.0,Windows,7,Desktop
Safari,537.36,Windows,7,Desktop
Safari,537.36,Windows,7,Desktop
Safari,537.36,Windows,7,Desktop
Safari,537.36,Windows,7,Desktop
Safari,537.36,Windows,7,Desktop
Safari,537.36,Windows,7,Desktop
Safari,537.36,Windows,7,Desktop
Safari,537.36,Windows,7,Desktop
Safari,537.36,Windows,7,Desktop
Safari,537.36,Windows,7,Desktop
Safari,537.36,Windows,7,Desktop
Safari,537.36,Windows,7,Desktop
Safari,537.36,Windows,7,Desktop
Safari,537.36,Windows,7,Desktop
QIHU 360ENT,,Windows,7,Desktop
Safari,537.36,Windows,7,Desktop
Safari,537.36,Windows,7,Desktop
Sogou,1.0,Windows,7,Desktop
Safari,537.36,Windows,7,Desktop
Safari,537.36,Windows,7,Desktop
Safari,537.36,Windows,7,Desktop
Safari,537.36,Windows,7,Desktop
Safari,537.36,Windows,7,Desktop
Safari,537.36,Windows,7,Desktop
Safari,537.36,Windows,7,Desktop
Safari,537.36,Windows,7,Desktop
Safari,537.36,Windows,7,Desktop
Safari,537.36,Windows,7,Desktop
Qaxbrowser,,Windows,7,Desktop
Safari,537.36,Windows,7,Desktop
Safari,537.36,Windows,7,Desktop
Safari,537.36,Windows,7,Desktop
Safari,537.36,Windows,7,Desktop
Safari,537.36,Windows,7,Desktop
Safari,537.36,Windows,7,Desktop
Safari,537.36,Windows,7,Desktop
Safari,537.36,Windows,7,Desktop
Safari,537.36,Windows,7,Desktop
Safari,537.36,Windows,7,Desktop
QQBrowser,11.1.5155.400,Windows,7,Desktop
QQBrowser,11.4.5225.400,Windows,7,Desktop
QQBrowser,11.5.5250.400,Windows,7,Desktop
QQBrowser,11.9.5355.400,Windows,7,Desktop
QQBrowser,12.3.5566.400,Windows,7,Desktop
QQBrowser,12.4.5604.400,Windows,7,Desktop
QQBrowser,12.4.5622.400,Windows,7,Desktop
QQBrowser,12.5.5638.400,Windows,7,Desktop
QQBrowser,12.5.5644.400,Windows,7,Desktop
Sogou,1.0,Windows,7,Desktop
Safari,537.36,Windows,7,Desktop
Safari,537.36,Windows,7,Desktop
Safari,537.36,Windows,7,Desktop
Safari,537.36,Windows,7,Desktop
Safari,537.36,Windows,7,Desktop
Safari,537.36,Windows,7,Desktop
Safari,537.36,Windows,7,Desktop
SMTBot,1.0,Windows,7,Spider
Safari,537.36,Windows,7,Desktop
Safari,537.36,Windows,7,Desktop
QQBrowser,9.4.8700.400,Windows,7,Desktop
QQBrowser,9.4.8772.400,Windows,7,Desktop
Safari,537.36,Windows,7,Desktop
Safari,537.36,Windows,7,Desktop
Safari,537.36,Windows,7,Desktop
QQBrowser,9.5.9092.400,Windows,7,Desktop
Safari,537.36,Windows,7,Desktop
Safari,537.36,Windows,7,Desktop
Safari,537.36,Windows,7,Desktop
Safari,537.36,Windows,7,Desktop
Safari,537.36,Windows,7,Desktop
Safari,537.36,Windows,7,Desktop
Safari,537.36,Windows,7,Desktop
Safari,537.36,Windows,7,Desktop
Safari,537.36,Windows,7,Desktop
Safari,537.36,Windows,7,Desktop
Safari,537.36,Windows,7,Desktop
Safari,537.36,Windows,7,Desktop
Safari,537.36,Windows,7,Desktop
Safari,537.36,Windows,7,Desktop
Safari,537.36,Windows,7,Desktop
Safari,537.36,Windows,7,Desktop
Safari,537.36,Windows,7,Desktop
Safari,537.36,Windows,7,Desktop
Safari,537.36,Windows,7,Desktop
MicroMessenger,7.0.20.1781,Windows,7,Desktop
Safari,537.36,Windows,7,Desktop
Safari,537.36,Windows,7,Desktop
Safari,537.36,Windows,7,Desktop
Safari,537.36,Windows,7,Desktop
Edge,109.0.1518.140,Windows,7,Desktop
Edge,109.0.1518.78,Windows,7,Desktop
Safari,537.36,Windows,7,Desktop
Safari,537.36,Windows,7,Desktop
Safari,537.36,Windows,7,Desktop
Safari,537.36,Windows,7,Desktop
Sogou,1.0,Windows,7,Desktop
Safari,537.36,Windows,7,Desktop
Safari,537.36,Windows,7,Desktop
Safari,537.36,Windows,7,Desktop
Safari,537.36,Windows,7,Desktop
Safari,537.36,Windows,7,Desktop
Safari,537.36,Windows,7,Desktop
Sogou,1.0,Windows,7,Desktop
Safari,537.36,Windows,7,Desktop
Safari,537.36,Windows,7,Desktop
Safari,537.36,Windows,7,Desktop
Safari,537.36,Windows,7,Desktop
Safari,537.36,Windows,7,Desktop
Safari,537.36,Windows,7,Desktop
Safari,537.36,Windows,7,Desktop
Safari,537.36,Windows,7,Desktop
Safari,537.36,Windows,7,Desktop
Safari,537.36,Windows,7,Desktop
Safari,537.36,Windows,7,Desktop
Safari,537.36,Windows,7,Desktop
Safari,537.36,Windows,7,Desktop
Safari,537.36,Windows,7,Desktop
Safari,537.36,Windows,7,Desktop
Sogou,1.0,Windows,7,Desktop
Safari,537.36,Windows,7,Desktop
Safari,537.36,Windows,7,Desktop
Safari,537.36,Windows,7,Desktop
Safari,537.36,Windows,7,Desktop
Safari,537.36,Windows,7,Desktop
Safari,537.36,Windows,7,Desktop
Safari,537.36,Windows,7,Desktop
Safari,537.36,Windows,7,Desktop
Safari,537.36,Windows,7,Desktop
Safari,537.36,Windows,7,Desktop
Safari,537.36,Windows,7,Desktop
Sogou,1.0,Windows,7,Desktop
Safari,537.36,Windows,7,Desktop
Safari,537.36,Windows,7,Desktop
Safari,537.36,Windows,7,Desktop
Safari,537.36,Windows,7,Desktop
Safari,537.36,Windows,7,Desktop
Safari,537.36,Windows,7,Desktop
Safari,537.36,Windows,7,Desktop
Safari,537.36,Windows,7,Desktop
Safari,537.36,Windows,7,Desktop
Safari,537.36,Windows,7,Desktop
Safari,537.36,Windows,7,Desktop
Safari,537.36,Windows,7,Desktop
Safari,537.36,Windows,7,Desktop
Sogou,1.0,Windows,7,Desktop
Safari,537.36,Windows,7,Desktop
Safari,537.36,Windows,7,Desktop
Safari,537.36,Windows,7,Desktop
Safari,537.36,Windows,7,Desktop
Safari,537.36,Windows,7,Desktop
Safari,537.36,Windows,7,Desktop
Safari,537.36,Windows,7,Desktop
Safari,537.36,Windows,7,Desktop
Safari,537.36,Windows,7,Desktop
Safari,537.36,Windows,7,Desktop
Safari,537.36,Windows,7,Desktop
Safari,537.36,Windows,7,Desktop
Safari,537.36,Windows,7,Desktop
Sogou,1.0,Windows,7,Desktop
Safari,537.36,Windows,7,Desktop
Safari,537.36,Windows,7,Desktop
Safari,537.36,Windows,7,Desktop
Safari,537.36,Windows,7,Desktop
Safari,537.36,Windows,7,Desktop
Safari,537.36,Windows,7,Desktop
Safari,537.36,Windows,7,Desktop
Safari,537.36,Windows,7,Desktop
Safari,537.36,Windows,7,Desktop
Safari,537.36,Windows,7,Desktop
Safari,537.36,Windows,7,Desktop
Safari,537.36,Windows,7,Desktop
Safari,537.36,Windows,7,Desktop
Safari,537.36,Windows,7,Desktop
Safari,537.36,Windows,7,Desktop
Safari,537.36,Windows,7,Desktop
Safari,537.36,Windows,7,Desktop
Safari,537.36,Windows,7,Desktop
QQBrowser,11.4.5225.400,Windows,7,Desktop
Sogou,1.0,Windows,7,Desktop
Safari,537.36,Windows,7,Desktop
Safari,537.36,Windows,7,Desktop
Safari,537.36,Windows,7,Desktop
Safari,537.36,Windows,7,Desktop
Safari,537.36,Windows,7,Desktop
Safari,537.36,Windows,7,Desktop
Safari,537.36,Windows,7,Desktop
Safari,537.36,Windows,7,Desktop
Safari,537.36,Windows,7,Desktop
Safari,537.36,Windows,7,Desktop
Safari,537.36,Windows,7,Desktop
Safari,537.36,Windows,7,Desktop
Safari,537.36,Windows,7,Desktop
Safari,537.36,Windows,7,Desktop
Safari,537.36,Windows,7,Desktop
Safari,537.36,Windows,7,Desktop
Safari,537.36,Windows,8,Desktop
Firefox,42.0,Windows,8,Desktop
Safari,537.36,Windows,8,Desktop
QQBrowser,9.4.8262.400,Windows,8,Desktop
Safari,537.36,Windows,8,Desktop
Safari,537.36,Windows,8,Desktop
Safari,537.36,Windows,8,Desktop
Sogou,1.0,Windows,8,Desktop
Safari,537.32,Windows,8,Desktop
Safari,537.32,Windows,8,Desktop
Safari,537.36,Windows,8,Desktop
Safari,537.36,Windows,8.1,Desktop
Safari,537.36,Windows,8.1,Desktop
Safari,537.36,Windows,8.1,Desktop
Safari,537.36,Windows,8.1,Desktop
Safari,537.36,Windows,8.1,Desktop
Safari,537.36,Windows,8.1,Desktop
Safari,537.36,Windows,8.1,Desktop
Edge,109.0.1518.140,Windows,8.1,Desktop
Safari,537.36,Windows,8.1,Desktop
Safari,537.36,Windows,8.1,Desktop
Safari,537.36,Windows,8.1,Desktop
Safari,537.36,Windows,8.1,Desktop
Safari,537.36,Windows,8.1,Desktop
Safari,537.36,Windows,8.1,Desktop
Safari,537.36,Windows,8.1,Desktop
Safari,537.36,Windows,8.1,Desktop
Safari,537.36,Windows,8.1,Desktop
Safari,537.36,Windows,8.1,Desktop
Safari,537.36,Windows,8.1,Desktop
Safari,537.36,Windows,8.1,Desktop
Safari,537.36,Windows,8.1,Desktop
Safari,537.36,Windows,8.1,Desktop
Other,,Windows,8.1,Desktop
Other,,Windows,8.1,Desktop
Other,,Windows,8.1,Desktop
QQBrowser,9.3.7101.400,Windows,8.1,Desktop
Safari,537.36,Windows,8.1,Desktop
Safari,537.36,Windows,8.1,Desktop
Safari,537.36,Windows,8.1,Desktop
Safari,537.36,Windows,8.1,Desktop
QIHU 360ENT,,Windows,8.1,Desktop
Sogou,1.0,Windows,8.1,Desktop
Safari,537.36,Windows,8.1,Desktop
Safari,537.36,Windows,8.1,Desktop
Safari,537.36,Windows,8.1,Desktop
Safari,537.36,Windows,8.1,Desktop
Sogou,1.0,Windows,8.1,Desktop
Sogou,1.0,Windows,8.1,Desktop
Safari,537.36,Windows,8.1,Desktop
Safari,537.36,Windows,8.1,Desktop
Safari,537.36,Windows,7_0,Desktop
Safari,537.36,Windows,7_1,Desktop
Safari,537.36,Windows,8_1,Desktop
Safari,537.36,Windows,9_0_2,Desktop
Safari,537.36,Windows,9_0,Desktop
IE,9.0,Windows,9.1,Desktop
Other,,Windows,XP,Desktop
Firefox,3.6.26,Windows,XP,Desktop
Firefox,47.0,Linux,,Desktop
Firefox,95.0,Linux,,Desktop
Firefox,78.0,Linux,,Desktop
Qaxbrowser,,Linux,,Desktop
Qaxbrowser,,Linux,,Desktop
Safari,537.36,Linux,,Desktop
UOS Professional,,Linux,,Desktop
QIHU 360ENT,,Linux,,Desktop
Qaxbrowser,,Linux,,Desktop
Safari,537.36,Linux,,Desktop
Safari,537.36,Linux,,Desktop
Safari,537.36,Linux,,Desktop
QIHU 360ENT,,Linux,,Desktop
Qaxbrowser,,Linux,,Desktop
UOS,,Linux,,Desktop
Safari,537.36,Linux,,Desktop
Safari,537.36,Linux,,Desktop
QIHU 360ENT,,Linux,,Desktop
Safari,537.36,Linux,,Desktop
UOS Professional,,Linux,,Desktop
Safari,537.36,Linux,,Desktop
Safari,537.36,Linux,,Desktop
Chrome,,Linux,,Desktop
Firefox,102.0,Linux,,Desktop
Firefox,107.0,Linux,,Desktop
Firefox,110.0,Linux,,Desktop
Firefox,115.0,Linux,,Desktop
Firefox,124.0,Linux,,Desktop
Firefox,125.0,Linux,,Desktop
Firefox,68.0,Linux,,Desktop
Firefox,73.0,Linux,,Desktop
Firefox,78.0,Linux,,Desktop
Firefox,91.0,Linux,,Desktop
Mozilla,5.0,Linux,,Bot
Safari,537.11,Linux,,Desktop
Safari,537.36,Linux,,Desktop
Safari,537.36,Linux,,Desktop
Safari,537.36,Linux,,Desktop
Safari,537.36,Linux,,Desktop
Safari,537.36,Linux,,Desktop
Edge,124.0.0.0,Linux,,Desktop
Safari,537.36,Linux,,Desktop
Safari,537.36,Linux,,Desktop
UOS,,Linux,,Desktop
Safari,537.36,Linux,,Desktop
Safari,537.36,Linux,,Desktop
Qaxbrowser,,Linux,,Desktop
Safari,537.36,Linux,,Desktop
Safari,537.36,Linux,,Desktop
Safari,537.36,Linux,,Desktop
Safari,537.36,Linux,,Desktop
Safari,537.36,Linux,,Desktop
Safari,537.36,Linux,,Desktop
Safari,537.36,Linux,,Desktop
Safari,537.36,Linux,,Desktop
Safari,537.36,Linux,,Desktop
Safari,537.36,Linux,,Desktop
Safari,537.36,Linux,,Desktop
Safari,537.36,Linux,,Desktop
Safari,537.36,Linux,,Desktop
Firefox,123.0,Linux,,Desktop
Firefox,16.0,Linux,,Desktop
Firefox,1.0.7,Linux,,Desktop
Firefox,78.0,Linux,,Desktop
Firefox,110.0,Linux,,Desktop
Firefox,123.0,Linux,,Desktop
Firefox,71.0,Linux,,Desktop
Firefox,90.0,Linux,,Desktop
Safari,537.36,Windows,10,Desktop
bingbot,2.0,Other,,Spider
bingbot,2.0,Other,,Spider
bingbot,2.0,Other,,Spider
Googlebot,2.1,Other,,Spider
GPTBot,1.0,Other,,Spider
Mozilla,5.0,Other,,Bot
Mozilla,5.0,Other,,Bot
Baiduspider-render,2.0,Other,,Spider
Baiduspider,2.0,Other,,Spider
Baiduspider,2.0,Android,4.2.2,Spider
Firefox,3.6,Windows,7,Desktop
Other,,Windows,7,Desktop
Safari,537.36,Android,7.0,Mobile
msnbot,1.0,Other,,Spider
okhttp,3.11.0,Other,,Bot
okhttp,3.14.9,Other,,Bot
okhttp,4.9.1,Other,,Bot
UCWEB,7.0.2.37,Other,,Bot
Opera,7.51,Linux,,Desktop
Opera,8.54,Linux,,Desktop
Opera,9.80,Windows,XP,Desktop
Opera,9.80,Windows,XP,Desktop
Opera,9.80,Windows,Vista,Desktop
Opera,9.80,Windows,7,Desktop
Opera,9.80,Linux,,Desktop
PostmanRuntime,7.28.4,Other,,Bot
python-requests,2.22.0,Other,,Bot
python-requests,2.25.1,Other,,Bot
python-requests,2.26.0,Other,,Bot
python-requests,2.27.1,Other,,Bot
python-requests,2.31.0,Other,,Bot
python-requests,2.32.2,Other,,Bot
Python-urllib,3.6,Other,,Bot
Python-urllib,3.7,Other,,Bot
Python,3.11,Other,,Bot
Python,3.7,Other,,Bot
RestSharp,104.0.0.0,Other,,Bot
RestSharp,106.6.3.0,Other,,Bot
Opera,,Other,,Other
Spider,3.0,Other,,Spider
spider,4.0,Other,,Spider
spider,3.0,Other,,Spider
spider,4.0,Other,,Spider
SuperBot,4.4.0.60,Other,,Spider
IE,6.0,Windows,XP,Desktop
IE,7.0,Windows,XP,Desktop
IE,8.0,Windows,Vista,Desktop
Safari,534.50,macOS,10.6.8,Desktop
Other,,Other,,Other
Wget,1.11.4,Other,,Bot
Wget,1.12,Other,,Bot
Wget,1.14,Other,,Bot
WhatsApp,3.0.0.0,Other,,Bot
YisouSpider,,Other,,Spider
